{"cameraMode":{"drawMode":0,"name":"Shaded","section":"Shading Mode"},"sceneLighting":false,"audioPlay":false,"sceneViewState":{"m_AlwaysRefresh":false,"showFog":true,"showSkybox":false,"showFlares":true,"showImageEffects":true,"showParticleSystems":true,"showVisualEffectGraphs":true,"m_FxEnabled":true},"in2DMode":false,"pivot":{"x":-25.701780319213868,"y":2.2422845363616945,"z":39.01500701904297},"rotation":{"x":0.20718272030353547,"y":0.5061606168746948,"z":-0.12631124258041383,"w":0.8276603817939758},"size":1.1209324598312379,"orthographic":false}