{"cameraMode":{"drawMode":0,"name":"Shaded","section":"Shading Mode"},"sceneLighting":false,"audioPlay":false,"sceneViewState":{"m_AlwaysRefresh":false,"showFog":true,"showSkybox":false,"showFlares":true,"showImageEffects":true,"showParticleSystems":true,"showVisualEffectGraphs":true,"m_FxEnabled":true},"in2DMode":false,"pivot":{"x":-4.1807990074157719,"y":3.5239174365997316,"z":30.726835250854493},"rotation":{"x":0.27182048559188845,"y":0.29951706528663638,"z":-0.0890883207321167,"w":0.9102557301521301},"size":0.7704429030418396,"orthographic":false}