{"cameraMode":{"drawMode":0,"name":"Shaded","section":"Shading Mode"},"sceneLighting":false,"audioPlay":false,"sceneViewState":{"m_AlwaysRefresh":false,"showFog":true,"showSkybox":false,"showFlares":true,"showImageEffects":true,"showParticleSystems":true,"showVisualEffectGraphs":true,"m_FxEnabled":true},"in2DMode":false,"pivot":{"x":-6.190000057220459,"y":3.8899998664855959,"z":41.029998779296878},"rotation":{"x":0.27182048559188845,"y":0.29951706528663638,"z":-0.0890883207321167,"w":0.9102557301521301},"size":0.6067841053009033,"orthographic":false}