{"cameraMode":{"drawMode":0,"name":"Shaded","section":"Shading Mode"},"sceneLighting":true,"audioPlay":false,"sceneViewState":{"m_AlwaysRefresh":false,"showFog":true,"showSkybox":true,"showFlares":true,"showImageEffects":true,"showParticleSystems":true,"showVisualEffectGraphs":true,"m_FxEnabled":true},"in2DMode":false,"pivot":{"x":324.91241455078127,"y":65.50129699707031,"z":240.80557250976563},"rotation":{"x":0.3542056679725647,"y":0.012224391102790833,"z":-0.004334423691034317,"w":0.9350964426994324},"size":199.0498809814453,"orthographic":false}