{"cameraMode":{"drawMode":0,"name":"Shaded","section":"Shading Mode"},"sceneLighting":false,"audioPlay":false,"sceneViewState":{"m_AlwaysRefresh":false,"showFog":true,"showSkybox":false,"showFlares":true,"showImageEffects":true,"showParticleSystems":true,"showVisualEffectGraphs":true,"m_FxEnabled":true},"in2DMode":false,"pivot":{"x":-0.30999481678009035,"y":6.394094467163086,"z":24.960006713867189},"rotation":{"x":0.27182048559188845,"y":0.29951706528663638,"z":-0.0890883207321167,"w":0.9102557301521301},"size":1.5475184917449952,"orthographic":false}