{"cameraMode":{"drawMode":0,"name":"Shaded","section":"Shading Mode"},"sceneLighting":false,"audioPlay":false,"sceneViewState":{"m_AlwaysRefresh":false,"showFog":true,"showSkybox":false,"showFlares":true,"showImageEffects":true,"showParticleSystems":true,"showVisualEffectGraphs":true,"m_FxEnabled":true},"in2DMode":false,"pivot":{"x":-23.197345733642579,"y":6.695441246032715,"z":25.019926071166993},"rotation":{"x":0.27182048559188845,"y":0.29951706528663638,"z":-0.0890883207321167,"w":0.9102557301521301},"size":3.1001436710357668,"orthographic":false}