{"cameraMode":{"drawMode":0,"name":"Shaded","section":"Shading Mode"},"sceneLighting":false,"audioPlay":false,"sceneViewState":{"m_AlwaysRefresh":false,"showFog":true,"showSkybox":false,"showFlares":true,"showImageEffects":true,"showParticleSystems":true,"showVisualEffectGraphs":true,"m_FxEnabled":true},"in2DMode":false,"pivot":{"x":1.7309988737106324,"y":3.8319997787475588,"z":-0.020995035767555238},"rotation":{"x":0.27182048559188845,"y":0.29951706528663638,"z":-0.0890883207321167,"w":0.9102557301521301},"size":0.5389479398727417,"orthographic":false}